;path;xmin;ymin;xmax;ymax;name
1;C:\Drive\Uni\Diplomarbeit\ForRealsies\Own\Programming\prep\png\1.png;79;211;144;254;pallet
2;C:\Drive\Uni\Diplomarbeit\ForRealsies\Own\Programming\prep\png\2.png;80;185;143;234;pallet
3;C:\Drive\Uni\Diplomarbeit\ForRealsies\Own\Programming\prep\png\3.png;80;200;143;247;pallet
4;C:\Drive\Uni\Diplomarbeit\ForRealsies\Own\Programming\prep\png\4.png;79;194;142;241;pallet
5;C:\Drive\Uni\Diplomarbeit\ForRealsies\Own\Programming\prep\png\5.png;79;186;144;237;pallet
6;C:\Drive\Uni\Diplomarbeit\ForRealsies\Own\Programming\prep\png\6.png;78;241;142;286;pallet
7;C:\Drive\Uni\Diplomarbeit\ForRealsies\Own\Programming\prep\png\7.png;78;243;141;291;pallet
8;C:\Drive\Uni\Diplomarbeit\ForRealsies\Own\Programming\prep\png\8.png;78;251;142;296;pallet
9;C:\Drive\Uni\Diplomarbeit\ForRealsies\Own\Programming\prep\png\9.png;79;258;143;304;pallet
10;C:\Drive\Uni\Diplomarbeit\ForRealsies\Own\Programming\prep\png\10.png;79;269;145;314;pallet
11;C:\Drive\Uni\Diplomarbeit\ForRealsies\Own\Programming\prep\png\11.png;80;276;146;323;pallet
12;C:\Drive\Uni\Diplomarbeit\ForRealsies\Own\Programming\prep\png\12.png;80;281;146;326;pallet
13;C:\Drive\Uni\Diplomarbeit\ForRealsies\Own\Programming\prep\png\13.png;80;289;143;333;pallet
14;C:\Drive\Uni\Diplomarbeit\ForRealsies\Own\Programming\prep\png\14.png;82;297;145;343;pallet
15;C:\Drive\Uni\Diplomarbeit\ForRealsies\Own\Programming\prep\png\15.png;81;302;143;347;pallet
16;C:\Drive\Uni\Diplomarbeit\ForRealsies\Own\Programming\prep\png\16.png;81;307;143;353;pallet
17;C:\Drive\Uni\Diplomarbeit\ForRealsies\Own\Programming\prep\png\17.png;81;304;154;352;pallet
18;C:\Drive\Uni\Diplomarbeit\ForRealsies\Own\Programming\prep\png\18.png;80;293;152;352;pallet
19;C:\Drive\Uni\Diplomarbeit\ForRealsies\Own\Programming\prep\png\19.png;82;282;152;341;pallet
20;C:\Drive\Uni\Diplomarbeit\ForRealsies\Own\Programming\prep\png\20.png;85;269;154;326;pallet
21;C:\Drive\Uni\Diplomarbeit\ForRealsies\Own\Programming\prep\png\21.png;87;260;159;311;pallet
22;C:\Drive\Uni\Diplomarbeit\ForRealsies\Own\Programming\prep\png\22.png;88;250;153;296;pallet
23;C:\Drive\Uni\Diplomarbeit\ForRealsies\Own\Programming\prep\png\23.png;90;238;155;286;pallet
24;C:\Drive\Uni\Diplomarbeit\ForRealsies\Own\Programming\prep\png\24.png;90;230;156;279;pallet
25;C:\Drive\Uni\Diplomarbeit\ForRealsies\Own\Programming\prep\png\25.png;93;216;161;261;pallet
26;C:\Drive\Uni\Diplomarbeit\ForRealsies\Own\Programming\prep\png\26.png;93;204;159;256;pallet
27;C:\Drive\Uni\Diplomarbeit\ForRealsies\Own\Programming\prep\png\27.png;94;194;158;245;pallet
28;C:\Drive\Uni\Diplomarbeit\ForRealsies\Own\Programming\prep\png\28.png;94;196;166;259;pallet
29;C:\Drive\Uni\Diplomarbeit\ForRealsies\Own\Programming\prep\png\29.png;93;215;164;277;pallet
30;C:\Drive\Uni\Diplomarbeit\ForRealsies\Own\Programming\prep\png\30.png;90;229;155;278;pallet
31;C:\Drive\Uni\Diplomarbeit\ForRealsies\Own\Programming\prep\png\31.png;88;245;159;304;pallet
32;C:\Drive\Uni\Diplomarbeit\ForRealsies\Own\Programming\prep\png\32.png;86;262;155;314;pallet
33;C:\Drive\Uni\Diplomarbeit\ForRealsies\Own\Programming\prep\png\33.png;85;281;160;341;pallet
34;C:\Drive\Uni\Diplomarbeit\ForRealsies\Own\Programming\prep\png\34.png;81;299;153;360;pallet
35;C:\Drive\Uni\Diplomarbeit\ForRealsies\Own\Programming\prep\png\35.png;92;293;160;363;pallet
36;C:\Drive\Uni\Diplomarbeit\ForRealsies\Own\Programming\prep\png\36.png;84;180;158;244;pallet
37;C:\Drive\Uni\Diplomarbeit\ForRealsies\Own\Programming\prep\png\37.png;95;205;169;267;pallet
38;C:\Drive\Uni\Diplomarbeit\ForRealsies\Own\Programming\prep\png\38.png;100;218;173;281;pallet
39;C:\Drive\Uni\Diplomarbeit\ForRealsies\Own\Programming\prep\png\39.png;105;243;175;301;pallet
40;C:\Drive\Uni\Diplomarbeit\ForRealsies\Own\Programming\prep\png\40.png;106;268;176;320;pallet
41;C:\Drive\Uni\Diplomarbeit\ForRealsies\Own\Programming\prep\png\41.png;103;274;175;335;pallet
42;C:\Drive\Uni\Diplomarbeit\ForRealsies\Own\Programming\prep\png\42.png;105;293;175;351;pallet
43;C:\Drive\Uni\Diplomarbeit\ForRealsies\Own\Programming\prep\png\43.png;108;302;175;356;pallet
44;C:\Drive\Uni\Diplomarbeit\ForRealsies\Own\Programming\prep\png\44.png;131;301;197;351;pallet
45;C:\Drive\Uni\Diplomarbeit\ForRealsies\Own\Programming\prep\png\45.png;133;319;200;368;pallet
46;C:\Drive\Uni\Diplomarbeit\ForRealsies\Own\Programming\prep\png\46.png;127;282;193;334;pallet
47;C:\Drive\Uni\Diplomarbeit\ForRealsies\Own\Programming\prep\png\47.png;128;270;193;317;pallet
48;C:\Drive\Uni\Diplomarbeit\ForRealsies\Own\Programming\prep\png\48.png;128;249;196;300;pallet
49;C:\Drive\Uni\Diplomarbeit\ForRealsies\Own\Programming\prep\png\49.png;129;238;197;286;pallet
50;C:\Drive\Uni\Diplomarbeit\ForRealsies\Own\Programming\prep\png\50.png;128;224;196;272;pallet
51;C:\Drive\Uni\Diplomarbeit\ForRealsies\Own\Programming\prep\png\51.png;128;206;193;256;pallet
52;C:\Drive\Uni\Diplomarbeit\ForRealsies\Own\Programming\prep\png\52.png;128;195;194;243;pallet
53;C:\Drive\Uni\Diplomarbeit\ForRealsies\Own\Programming\prep\png\53.png;126;186;191;233;pallet
54;C:\Drive\Uni\Diplomarbeit\ForRealsies\Own\Programming\prep\png\54.png;124;195;192;254;pallet
55;C:\Drive\Uni\Diplomarbeit\ForRealsies\Own\Programming\prep\png\55.png;119;218;192;278;pallet
56;C:\Drive\Uni\Diplomarbeit\ForRealsies\Own\Programming\prep\png\56.png;117;235;188;287;pallet
57;C:\Drive\Uni\Diplomarbeit\ForRealsies\Own\Programming\prep\png\57.png;114;254;187;315;pallet
58;C:\Drive\Uni\Diplomarbeit\ForRealsies\Own\Programming\prep\png\58.png;110;272;181;334;pallet
59;C:\Drive\Uni\Diplomarbeit\ForRealsies\Own\Programming\prep\png\59.png;111;289;183;345;pallet
60;C:\Drive\Uni\Diplomarbeit\ForRealsies\Own\Programming\prep\png\60.png;108;303;182;369;pallet
61;C:\Drive\Uni\Diplomarbeit\ForRealsies\Own\Programming\prep\png\61.png;127;283;192;347;pallet
62;C:\Drive\Uni\Diplomarbeit\ForRealsies\Own\Programming\prep\png\62.png;141;263;212;329;pallet
63;C:\Drive\Uni\Diplomarbeit\ForRealsies\Own\Programming\prep\png\63.png;128;243;203;307;pallet
64;C:\Drive\Uni\Diplomarbeit\ForRealsies\Own\Programming\prep\png\64.png;126;229;196;295;pallet
65;C:\Drive\Uni\Diplomarbeit\ForRealsies\Own\Programming\prep\png\65.png;122;224;193;284;pallet
66;C:\Drive\Uni\Diplomarbeit\ForRealsies\Own\Programming\prep\png\66.png;122;205;193;273;pallet
67;C:\Drive\Uni\Diplomarbeit\ForRealsies\Own\Programming\prep\png\67.png;115;198;187;257;pallet
68;C:\Drive\Uni\Diplomarbeit\ForRealsies\Own\Programming\prep\png\68.png;113;190;185;251;pallet
69;C:\Drive\Uni\Diplomarbeit\ForRealsies\Own\Programming\prep\png\69.png;112;183;181;239;pallet
70;C:\Drive\Uni\Diplomarbeit\ForRealsies\Own\Programming\prep\png\70.png;105;161;178;228;pallet
71;C:\Drive\Uni\Diplomarbeit\ForRealsies\Own\Programming\prep\png\71.png;161;178;226;224;pallet
72;C:\Drive\Uni\Diplomarbeit\ForRealsies\Own\Programming\prep\png\72.png;165;191;229;238;pallet
73;C:\Drive\Uni\Diplomarbeit\ForRealsies\Own\Programming\prep\png\73.png;163;212;233;257;pallet
74;C:\Drive\Uni\Diplomarbeit\ForRealsies\Own\Programming\prep\png\74.png;164;228;231;274;pallet
75;C:\Drive\Uni\Diplomarbeit\ForRealsies\Own\Programming\prep\png\75.png;163;236;228;283;pallet
76;C:\Drive\Uni\Diplomarbeit\ForRealsies\Own\Programming\prep\png\76.png;165;242;231;291;pallet
77;C:\Drive\Uni\Diplomarbeit\ForRealsies\Own\Programming\prep\png\77.png;166;255;232;304;pallet
78;C:\Drive\Uni\Diplomarbeit\ForRealsies\Own\Programming\prep\png\78.png;167;266;229;312;pallet
79;C:\Drive\Uni\Diplomarbeit\ForRealsies\Own\Programming\prep\png\79.png;167;280;233;325;pallet
80;C:\Drive\Uni\Diplomarbeit\ForRealsies\Own\Programming\prep\png\80.png;167;291;232;337;pallet
81;C:\Drive\Uni\Diplomarbeit\ForRealsies\Own\Programming\prep\png\81.png;166;307;235;353;pallet
82;C:\Drive\Uni\Diplomarbeit\ForRealsies\Own\Programming\prep\png\82.png;159;310;224;374;pallet
83;C:\Drive\Uni\Diplomarbeit\ForRealsies\Own\Programming\prep\png\83.png;161;297;232;359;pallet
84;C:\Drive\Uni\Diplomarbeit\ForRealsies\Own\Programming\prep\png\84.png;164;287;236;348;pallet
85;C:\Drive\Uni\Diplomarbeit\ForRealsies\Own\Programming\prep\png\85.png;168;272;240;336;pallet
86;C:\Drive\Uni\Diplomarbeit\ForRealsies\Own\Programming\prep\png\86.png;172;255;243;318;pallet
87;C:\Drive\Uni\Diplomarbeit\ForRealsies\Own\Programming\prep\png\87.png;172;243;236;304;pallet
88;C:\Drive\Uni\Diplomarbeit\ForRealsies\Own\Programming\prep\png\88.png;176;230;240;291;pallet
89;C:\Drive\Uni\Diplomarbeit\ForRealsies\Own\Programming\prep\png\89.png;174;215;239;278;pallet
90;C:\Drive\Uni\Diplomarbeit\ForRealsies\Own\Programming\prep\png\90.png;176;200;237;261;pallet
91;C:\Drive\Uni\Diplomarbeit\ForRealsies\Own\Programming\prep\png\91.png;161;181;230;233;pallet
92;C:\Drive\Uni\Diplomarbeit\ForRealsies\Own\Programming\prep\png\92.png;163;192;234;251;pallet
93;C:\Drive\Uni\Diplomarbeit\ForRealsies\Own\Programming\prep\png\93.png;164;211;234;267;pallet
94;C:\Drive\Uni\Diplomarbeit\ForRealsies\Own\Programming\prep\png\94.png;166;226;233;282;pallet
95;C:\Drive\Uni\Diplomarbeit\ForRealsies\Own\Programming\prep\png\95.png;166;237;239;295;pallet
96;C:\Drive\Uni\Diplomarbeit\ForRealsies\Own\Programming\prep\png\96.png;170;249;236;308;pallet
97;C:\Drive\Uni\Diplomarbeit\ForRealsies\Own\Programming\prep\png\97.png;170;258;240;316;pallet
98;C:\Drive\Uni\Diplomarbeit\ForRealsies\Own\Programming\prep\png\98.png;172;276;239;330;pallet
99;C:\Drive\Uni\Diplomarbeit\ForRealsies\Own\Programming\prep\png\99.png;175;298;246;354;pallet
100;C:\Drive\Uni\Diplomarbeit\ForRealsies\Own\Programming\prep\png\100.png;175;309;246;369;pallet
101;C:\Drive\Uni\Diplomarbeit\ForRealsies\Own\Programming\prep\png\101.png;67;207;132;255;pallet
102;C:\Drive\Uni\Diplomarbeit\ForRealsies\Own\Programming\prep\png\102.png;63;201;136;251;pallet
103;C:\Drive\Uni\Diplomarbeit\ForRealsies\Own\Programming\prep\png\103.png;70;203;136;261;pallet
104;C:\Drive\Uni\Diplomarbeit\ForRealsies\Own\Programming\prep\png\104.png;73;230;140;284;pallet
105;C:\Drive\Uni\Diplomarbeit\ForRealsies\Own\Programming\prep\png\105.png;71;249;141;299;pallet
106;C:\Drive\Uni\Diplomarbeit\ForRealsies\Own\Programming\prep\png\106.png;83;244;156;306;pallet
107;C:\Drive\Uni\Diplomarbeit\ForRealsies\Own\Programming\prep\png\107.png;67;264;133;325;pallet
108;C:\Drive\Uni\Diplomarbeit\ForRealsies\Own\Programming\prep\png\108.png;79;282;142;327;pallet
109;C:\Drive\Uni\Diplomarbeit\ForRealsies\Own\Programming\prep\png\109.png;67;277;117;342;pallet
110;C:\Drive\Uni\Diplomarbeit\ForRealsies\Own\Programming\prep\png\110.png;80;265;143;337;pallet
111;C:\Drive\Uni\Diplomarbeit\ForRealsies\Own\Programming\prep\png\111.png;95;237;160;286;pallet
112;C:\Drive\Uni\Diplomarbeit\ForRealsies\Own\Programming\prep\png\112.png;93;222;165;284;pallet
113;C:\Drive\Uni\Diplomarbeit\ForRealsies\Own\Programming\prep\png\113.png;105;201;174;253;pallet
114;C:\Drive\Uni\Diplomarbeit\ForRealsies\Own\Programming\prep\png\114.png;102;177;173;247;pallet
115;C:\Drive\Uni\Diplomarbeit\ForRealsies\Own\Programming\prep\png\115.png;100;245;174;314;pallet
116;C:\Drive\Uni\Diplomarbeit\ForRealsies\Own\Programming\prep\png\116.png;121;257;192;309;pallet
117;C:\Drive\Uni\Diplomarbeit\ForRealsies\Own\Programming\prep\png\117.png;140;267;212;318;pallet
118;C:\Drive\Uni\Diplomarbeit\ForRealsies\Own\Programming\prep\png\118.png;153;252;223;315;pallet
119;C:\Drive\Uni\Diplomarbeit\ForRealsies\Own\Programming\prep\png\119.png;155;233;225;293;pallet
120;C:\Drive\Uni\Diplomarbeit\ForRealsies\Own\Programming\prep\png\120.png;162;219;233;276;pallet
121;C:\Drive\Uni\Diplomarbeit\ForRealsies\Own\Programming\prep\png\121.png;139;209;207;273;pallet
122;C:\Drive\Uni\Diplomarbeit\ForRealsies\Own\Programming\prep\png\122.png;126;205;194;262;pallet
123;C:\Drive\Uni\Diplomarbeit\ForRealsies\Own\Programming\prep\png\123.png;121;214;189;259;pallet
124;C:\Drive\Uni\Diplomarbeit\ForRealsies\Own\Programming\prep\png\124.png;140;243;213;308;pallet
125;C:\Drive\Uni\Diplomarbeit\ForRealsies\Own\Programming\prep\png\125.png;139;243;211;309;pallet
126;C:\Drive\Uni\Diplomarbeit\ForRealsies\Own\Programming\prep\png\126.png;136;255;208;322;pallet
127;C:\Drive\Uni\Diplomarbeit\ForRealsies\Own\Programming\prep\png\127.png;153;264;222;315;pallet
128;C:\Drive\Uni\Diplomarbeit\ForRealsies\Own\Programming\prep\png\128.png;162;250;233;314;pallet
129;C:\Drive\Uni\Diplomarbeit\ForRealsies\Own\Programming\prep\png\129.png;155;218;224;266;pallet
130;C:\Drive\Uni\Diplomarbeit\ForRealsies\Own\Programming\prep\png\130.png;119;264;194;316;pallet
131;C:\Drive\Uni\Diplomarbeit\ForRealsies\Own\Programming\prep\png\131.png;91;281;159;341;pallet
132;C:\Drive\Uni\Diplomarbeit\ForRealsies\Own\Programming\prep\png\132.png;92;281;160;341;pallet
133;C:\Drive\Uni\Diplomarbeit\ForRealsies\Own\Programming\prep\png\133.png;98;299;164;344;pallet
134;C:\Drive\Uni\Diplomarbeit\ForRealsies\Own\Programming\prep\png\134.png;114;340;180;411;pallet
135;C:\Drive\Uni\Diplomarbeit\ForRealsies\Own\Programming\prep\png\135.png;113;340;180;411;pallet
136;C:\Drive\Uni\Diplomarbeit\ForRealsies\Own\Programming\prep\png\136.png;99;346;173;416;pallet
137;C:\Drive\Uni\Diplomarbeit\ForRealsies\Own\Programming\prep\png\137.png;89;361;158;422;pallet
138;C:\Drive\Uni\Diplomarbeit\ForRealsies\Own\Programming\prep\png\138.png;99;346;159;414;pallet
139;C:\Drive\Uni\Diplomarbeit\ForRealsies\Own\Programming\prep\png\139.png;67;328;135;404;pallet
140;C:\Drive\Uni\Diplomarbeit\ForRealsies\Own\Programming\prep\png\140.png;67;328;126;391;pallet
141;C:\Drive\Uni\Diplomarbeit\ForRealsies\Own\Programming\prep\png\141.png;67;327;124;404;pallet
142;C:\Drive\Uni\Diplomarbeit\ForRealsies\Own\Programming\prep\png\142.png;68;327;136;404;pallet
143;C:\Drive\Uni\Diplomarbeit\ForRealsies\Own\Programming\prep\png\143.png;79;323;140;388;pallet
144;C:\Drive\Uni\Diplomarbeit\ForRealsies\Own\Programming\prep\png\144.png;78;324;139;389;pallet
145;C:\Drive\Uni\Diplomarbeit\ForRealsies\Own\Programming\prep\png\145.png;42;285;108;356;pallet
146;C:\Drive\Uni\Diplomarbeit\ForRealsies\Own\Programming\prep\png\146.png;62;292;109;357;pallet
147;C:\Drive\Uni\Diplomarbeit\ForRealsies\Own\Programming\prep\png\147.png;60;290;122;359;pallet
148;C:\Drive\Uni\Diplomarbeit\ForRealsies\Own\Programming\prep\png\148.png;61;291;122;360;pallet
149;C:\Drive\Uni\Diplomarbeit\ForRealsies\Own\Programming\prep\png\149.png;61;291;122;359;pallet
150;C:\Drive\Uni\Diplomarbeit\ForRealsies\Own\Programming\prep\png\150.png;53;295;124;365;pallet
151;C:\Drive\Uni\Diplomarbeit\ForRealsies\Own\Programming\prep\png\151.png;94;177;165;248;pallet
152;C:\Drive\Uni\Diplomarbeit\ForRealsies\Own\Programming\prep\png\152.png;92;180;165;248;pallet
153;C:\Drive\Uni\Diplomarbeit\ForRealsies\Own\Programming\prep\png\153.png;111;226;182;272;pallet
154;C:\Drive\Uni\Diplomarbeit\ForRealsies\Own\Programming\prep\png\154.png;112;226;188;276;pallet
155;C:\Drive\Uni\Diplomarbeit\ForRealsies\Own\Programming\prep\png\155.png;111;227;188;274;pallet
156;C:\Drive\Uni\Diplomarbeit\ForRealsies\Own\Programming\prep\png\156.png;111;225;189;272;pallet
157;C:\Drive\Uni\Diplomarbeit\ForRealsies\Own\Programming\prep\png\157.png;112;225;190;270;pallet
158;C:\Drive\Uni\Diplomarbeit\ForRealsies\Own\Programming\prep\png\158.png;112;224;189;269;pallet
159;C:\Drive\Uni\Diplomarbeit\ForRealsies\Own\Programming\prep\png\159.png;112;225;182;268;pallet
160;C:\Drive\Uni\Diplomarbeit\ForRealsies\Own\Programming\prep\png\160.png;111;225;183;271;pallet
161;C:\Drive\Uni\Diplomarbeit\ForRealsies\Own\Programming\prep\png\161.png;112;225;181;270;pallet
162;C:\Drive\Uni\Diplomarbeit\ForRealsies\Own\Programming\prep\png\162.png;112;226;182;270;pallet
163;C:\Drive\Uni\Diplomarbeit\ForRealsies\Own\Programming\prep\png\163.png;113;234;184;277;pallet
164;C:\Drive\Uni\Diplomarbeit\ForRealsies\Own\Programming\prep\png\164.png;112;234;178;277;pallet
165;C:\Drive\Uni\Diplomarbeit\ForRealsies\Own\Programming\prep\png\165.png;113;233;177;278;pallet
166;C:\Drive\Uni\Diplomarbeit\ForRealsies\Own\Programming\prep\png\166.png;105;209;178;271;pallet
167;C:\Drive\Uni\Diplomarbeit\ForRealsies\Own\Programming\prep\png\167.png;106;209;178;250;pallet
168;C:\Drive\Uni\Diplomarbeit\ForRealsies\Own\Programming\prep\png\168.png;106;210;178;270;pallet
169;C:\Drive\Uni\Diplomarbeit\ForRealsies\Own\Programming\prep\png\169.png;105;208;177;271;pallet
170;C:\Drive\Uni\Diplomarbeit\ForRealsies\Own\Programming\prep\png\170.png;107;222;171;269;pallet
171;C:\Drive\Uni\Diplomarbeit\ForRealsies\Own\Programming\prep\png\171.png;72;207;141;263;pallet
172;C:\Drive\Uni\Diplomarbeit\ForRealsies\Own\Programming\prep\png\172.png;71;223;143;272;pallet
173;C:\Drive\Uni\Diplomarbeit\ForRealsies\Own\Programming\prep\png\173.png;71;223;143;271;pallet
174;C:\Drive\Uni\Diplomarbeit\ForRealsies\Own\Programming\prep\png\174.png;73;207;139;252;pallet
175;C:\Drive\Uni\Diplomarbeit\ForRealsies\Own\Programming\prep\png\175.png;74;204;140;251;pallet
176;C:\Drive\Uni\Diplomarbeit\ForRealsies\Own\Programming\prep\png\176.png;77;204;146;259;pallet
177;C:\Drive\Uni\Diplomarbeit\ForRealsies\Own\Programming\prep\png\177.png;76;204;145;259;pallet
178;C:\Drive\Uni\Diplomarbeit\ForRealsies\Own\Programming\prep\png\178.png;56;140;116;210;pallet
179;C:\Drive\Uni\Diplomarbeit\ForRealsies\Own\Programming\prep\png\179.png;89;186;161;248;pallet
180;C:\Drive\Uni\Diplomarbeit\ForRealsies\Own\Programming\prep\png\180.png;88;186;161;249;pallet
181;C:\Drive\Uni\Diplomarbeit\ForRealsies\Own\Programming\prep\png\181.png;89;186;161;249;pallet
182;C:\Drive\Uni\Diplomarbeit\ForRealsies\Own\Programming\prep\png\182.png;89;186;161;249;pallet
183;C:\Drive\Uni\Diplomarbeit\ForRealsies\Own\Programming\prep\png\183.png;89;187;161;249;pallet
184;C:\Drive\Uni\Diplomarbeit\ForRealsies\Own\Programming\prep\png\184.png;86;185;149;231;pallet
185;C:\Drive\Uni\Diplomarbeit\ForRealsies\Own\Programming\prep\png\185.png;85;185;151;230;pallet
186;C:\Drive\Uni\Diplomarbeit\ForRealsies\Own\Programming\prep\png\186.png;86;184;148;231;pallet
187;C:\Drive\Uni\Diplomarbeit\ForRealsies\Own\Programming\prep\png\187.png;85;185;148;229;pallet
188;C:\Drive\Uni\Diplomarbeit\ForRealsies\Own\Programming\prep\png\188.png;86;185;150;229;pallet
189;C:\Drive\Uni\Diplomarbeit\ForRealsies\Own\Programming\prep\png\189.png;95;199;158;252;pallet
190;C:\Drive\Uni\Diplomarbeit\ForRealsies\Own\Programming\prep\png\190.png;74;199;145;260;pallet
191;C:\Drive\Uni\Diplomarbeit\ForRealsies\Own\Programming\prep\png\191.png;75;197;145;261;pallet
192;C:\Drive\Uni\Diplomarbeit\ForRealsies\Own\Programming\prep\png\192.png;89;187;154;241;pallet
193;C:\Drive\Uni\Diplomarbeit\ForRealsies\Own\Programming\prep\png\193.png;89;189;155;240;pallet
194;C:\Drive\Uni\Diplomarbeit\ForRealsies\Own\Programming\prep\png\194.png;90;188;153;240;pallet
195;C:\Drive\Uni\Diplomarbeit\ForRealsies\Own\Programming\prep\png\195.png;137;222;201;267;pallet
196;C:\Drive\Uni\Diplomarbeit\ForRealsies\Own\Programming\prep\png\196.png;136;222;201;268;pallet
197;C:\Drive\Uni\Diplomarbeit\ForRealsies\Own\Programming\prep\png\197.png;136;224;208;289;pallet
198;C:\Drive\Uni\Diplomarbeit\ForRealsies\Own\Programming\prep\png\198.png;135;242;210;288;pallet
199;C:\Drive\Uni\Diplomarbeit\ForRealsies\Own\Programming\prep\png\199.png;135;237;206;288;pallet
200;C:\Drive\Uni\Diplomarbeit\ForRealsies\Own\Programming\prep\png\200.png;133;248;211;294;pallet
201;C:\Drive\Uni\Diplomarbeit\ForRealsies\Own\Programming\prep\png\201.png;135;243;210;296;pallet
202;C:\Drive\Uni\Diplomarbeit\ForRealsies\Own\Programming\prep\png\202.png;139;234;209;277;pallet
203;C:\Drive\Uni\Diplomarbeit\ForRealsies\Own\Programming\prep\png\203.png;112;240;184;293;pallet
204;C:\Drive\Uni\Diplomarbeit\ForRealsies\Own\Programming\prep\png\204.png;112;239;184;293;pallet
205;C:\Drive\Uni\Diplomarbeit\ForRealsies\Own\Programming\prep\png\205.png;121;261;197;309;pallet
206;C:\Drive\Uni\Diplomarbeit\ForRealsies\Own\Programming\prep\png\206.png;119;261;199;313;pallet
207;C:\Drive\Uni\Diplomarbeit\ForRealsies\Own\Programming\prep\png\207.png;121;261;198;310;pallet
208;C:\Drive\Uni\Diplomarbeit\ForRealsies\Own\Programming\prep\png\208.png;121;260;199;309;pallet
209;C:\Drive\Uni\Diplomarbeit\ForRealsies\Own\Programming\prep\png\209.png;121;259;198;309;pallet
210;C:\Drive\Uni\Diplomarbeit\ForRealsies\Own\Programming\prep\png\210.png;121;261;200;309;pallet
211;C:\Drive\Uni\Diplomarbeit\ForRealsies\Own\Programming\prep\png\211.png;79;241;144;285;pallet
212;C:\Drive\Uni\Diplomarbeit\ForRealsies\Own\Programming\prep\png\212.png;81;216;150;259;pallet
213;C:\Drive\Uni\Diplomarbeit\ForRealsies\Own\Programming\prep\png\213.png;86;188;150;239;pallet
214;C:\Drive\Uni\Diplomarbeit\ForRealsies\Own\Programming\prep\png\214.png;89;180;161;244;pallet
215;C:\Drive\Uni\Diplomarbeit\ForRealsies\Own\Programming\prep\png\215.png;90;159;157;206;pallet
216;C:\Drive\Uni\Diplomarbeit\ForRealsies\Own\Programming\prep\png\216.png;89;148;162;198;pallet
217;C:\Drive\Uni\Diplomarbeit\ForRealsies\Own\Programming\prep\png\217.png;116;153;187;204;pallet
218;C:\Drive\Uni\Diplomarbeit\ForRealsies\Own\Programming\prep\png\218.png;140;235;208;285;pallet
219;C:\Drive\Uni\Diplomarbeit\ForRealsies\Own\Programming\prep\png\219.png;141;216;210;272;pallet
220;C:\Drive\Uni\Diplomarbeit\ForRealsies\Own\Programming\prep\png\220.png;114;197;183;253;pallet
221;C:\Drive\Uni\Diplomarbeit\ForRealsies\Own\Programming\prep\png\221.png;93;225;157;269;pallet
222;C:\Drive\Uni\Diplomarbeit\ForRealsies\Own\Programming\prep\png\222.png;73;246;145;303;pallet
223;C:\Drive\Uni\Diplomarbeit\ForRealsies\Own\Programming\prep\png\223.png;63;259;134;329;pallet
224;C:\Drive\Uni\Diplomarbeit\ForRealsies\Own\Programming\prep\png\224.png;120;218;186;262;pallet
225;C:\Drive\Uni\Diplomarbeit\ForRealsies\Own\Programming\prep\png\225.png;115;239;183;291;pallet
226;C:\Drive\Uni\Diplomarbeit\ForRealsies\Own\Programming\prep\png\226.png;94;244;159;296;pallet
227;C:\Drive\Uni\Diplomarbeit\ForRealsies\Own\Programming\prep\png\227.png;80;241;153;302;pallet
228;C:\Drive\Uni\Diplomarbeit\ForRealsies\Own\Programming\prep\png\228.png;62;256;118;317;pallet
229;C:\Drive\Uni\Diplomarbeit\ForRealsies\Own\Programming\prep\png\229.png;73;227;145;272;pallet
230;C:\Drive\Uni\Diplomarbeit\ForRealsies\Own\Programming\prep\png\230.png;74;203;143;260;pallet
231;C:\Drive\Uni\Diplomarbeit\ForRealsies\Own\Programming\prep\png\231.png;76;234;144;288;pallet
232;C:\Drive\Uni\Diplomarbeit\ForRealsies\Own\Programming\prep\png\232.png;86;226;158;272;pallet
233;C:\Drive\Uni\Diplomarbeit\ForRealsies\Own\Programming\prep\png\233.png;86;209;154;262;pallet
234;C:\Drive\Uni\Diplomarbeit\ForRealsies\Own\Programming\prep\png\234.png;135;247;200;295;pallet
235;C:\Drive\Uni\Diplomarbeit\ForRealsies\Own\Programming\prep\png\235.png;135;248;201;294;pallet
236;C:\Drive\Uni\Diplomarbeit\ForRealsies\Own\Programming\prep\png\236.png;104;221;173;268;pallet
237;C:\Drive\Uni\Diplomarbeit\ForRealsies\Own\Programming\prep\png\237.png;128;228;196;274;pallet
238;C:\Drive\Uni\Diplomarbeit\ForRealsies\Own\Programming\prep\png\238.png;130;221;200;280;pallet
239;C:\Drive\Uni\Diplomarbeit\ForRealsies\Own\Programming\prep\png\239.png;105;264;177;318;pallet
240;C:\Drive\Uni\Diplomarbeit\ForRealsies\Own\Programming\prep\png\240.png;132;282;202;351;pallet
241;C:\Drive\Uni\Diplomarbeit\ForRealsies\Own\Programming\prep\png\241.png;93;218;163;280;pallet
242;C:\Drive\Uni\Diplomarbeit\ForRealsies\Own\Programming\prep\png\242.png;93;215;165;260;pallet
243;C:\Drive\Uni\Diplomarbeit\ForRealsies\Own\Programming\prep\png\243.png;92;214;166;264;pallet
244;C:\Drive\Uni\Diplomarbeit\ForRealsies\Own\Programming\prep\png\244.png;93;237;157;282;pallet
245;C:\Drive\Uni\Diplomarbeit\ForRealsies\Own\Programming\prep\png\245.png;94;236;157;283;pallet
246;C:\Drive\Uni\Diplomarbeit\ForRealsies\Own\Programming\prep\png\246.png;75;261;148;331;pallet
247;C:\Drive\Uni\Diplomarbeit\ForRealsies\Own\Programming\prep\png\247.png;86;266;157;329;pallet
248;C:\Drive\Uni\Diplomarbeit\ForRealsies\Own\Programming\prep\png\248.png;74;275;140;346;pallet
249;C:\Drive\Uni\Diplomarbeit\ForRealsies\Own\Programming\prep\png\249.png;74;276;140;346;pallet
250;C:\Drive\Uni\Diplomarbeit\ForRealsies\Own\Programming\prep\png\250.png;74;275;140;346;pallet
251;C:\Drive\Uni\Diplomarbeit\ForRealsies\Own\Programming\prep\png\251.png;67;255;137;326;pallet
252;C:\Drive\Uni\Diplomarbeit\ForRealsies\Own\Programming\prep\png\252.png;65;255;138;327;pallet
253;C:\Drive\Uni\Diplomarbeit\ForRealsies\Own\Programming\prep\png\253.png;65;255;138;325;pallet
254;C:\Drive\Uni\Diplomarbeit\ForRealsies\Own\Programming\prep\png\254.png;84;273;157;341;pallet
255;C:\Drive\Uni\Diplomarbeit\ForRealsies\Own\Programming\prep\png\255.png;84;273;155;340;pallet
256;C:\Drive\Uni\Diplomarbeit\ForRealsies\Own\Programming\prep\png\256.png;72;306;134;369;pallet
257;C:\Drive\Uni\Diplomarbeit\ForRealsies\Own\Programming\prep\png\257.png;73;306;135;369;pallet
258;C:\Drive\Uni\Diplomarbeit\ForRealsies\Own\Programming\prep\png\258.png;104;280;162;341;pallet
259;C:\Drive\Uni\Diplomarbeit\ForRealsies\Own\Programming\prep\png\259.png;105;280;163;340;pallet
260;C:\Drive\Uni\Diplomarbeit\ForRealsies\Own\Programming\prep\png\260.png;106;279;163;340;pallet
261;C:\Drive\Uni\Diplomarbeit\ForRealsies\Own\Programming\prep\png\261.png;105;279;163;340;pallet
262;C:\Drive\Uni\Diplomarbeit\ForRealsies\Own\Programming\prep\png\262.png;105;280;162;341;pallet
263;C:\Drive\Uni\Diplomarbeit\ForRealsies\Own\Programming\prep\png\263.png;105;279;163;342;pallet
264;C:\Drive\Uni\Diplomarbeit\ForRealsies\Own\Programming\prep\png\264.png;105;280;164;341;pallet
265;C:\Drive\Uni\Diplomarbeit\ForRealsies\Own\Programming\prep\png\265.png;106;280;165;341;pallet
266;C:\Drive\Uni\Diplomarbeit\ForRealsies\Own\Programming\prep\png\266.png;105;279;162;340;pallet
267;C:\Drive\Uni\Diplomarbeit\ForRealsies\Own\Programming\prep\png\267.png;58;142;128;214;pallet
268;C:\Drive\Uni\Diplomarbeit\ForRealsies\Own\Programming\prep\png\268.png;60;143;127;214;pallet
269;C:\Drive\Uni\Diplomarbeit\ForRealsies\Own\Programming\prep\png\269.png;59;143;127;213;pallet
270;C:\Drive\Uni\Diplomarbeit\ForRealsies\Own\Programming\prep\png\270.png;59;142;126;214;pallet
271;C:\Drive\Uni\Diplomarbeit\ForRealsies\Own\Programming\prep\png\271.png;58;143;128;214;pallet
272;C:\Drive\Uni\Diplomarbeit\ForRealsies\Own\Programming\prep\png\272.png;58;143;127;214;pallet
273;C:\Drive\Uni\Diplomarbeit\ForRealsies\Own\Programming\prep\png\273.png;43;126;101;198;pallet
274;C:\Drive\Uni\Diplomarbeit\ForRealsies\Own\Programming\prep\png\274.png;42;126;103;199;pallet
275;C:\Drive\Uni\Diplomarbeit\ForRealsies\Own\Programming\prep\png\275.png;42;126;101;198;pallet
276;C:\Drive\Uni\Diplomarbeit\ForRealsies\Own\Programming\prep\png\276.png;47;156;114;228;pallet
277;C:\Drive\Uni\Diplomarbeit\ForRealsies\Own\Programming\prep\png\277.png;44;155;114;228;pallet
278;C:\Drive\Uni\Diplomarbeit\ForRealsies\Own\Programming\prep\png\278.png;44;156;113;228;pallet
279;C:\Drive\Uni\Diplomarbeit\ForRealsies\Own\Programming\prep\png\279.png;48;156;114;229;pallet
280;C:\Drive\Uni\Diplomarbeit\ForRealsies\Own\Programming\prep\png\280.png;68;176;133;238;pallet
281;C:\Drive\Uni\Diplomarbeit\ForRealsies\Own\Programming\prep\png\281.png;90;169;159;221;pallet
282;C:\Drive\Uni\Diplomarbeit\ForRealsies\Own\Programming\prep\png\282.png;90;168;161;221;pallet
283;C:\Drive\Uni\Diplomarbeit\ForRealsies\Own\Programming\prep\png\283.png;111;141;181;211;pallet
284;C:\Drive\Uni\Diplomarbeit\ForRealsies\Own\Programming\prep\png\284.png;122;126;196;194;pallet
285;C:\Drive\Uni\Diplomarbeit\ForRealsies\Own\Programming\prep\png\285.png;132;131;202;198;pallet
286;C:\Drive\Uni\Diplomarbeit\ForRealsies\Own\Programming\prep\png\286.png;123;191;191;244;pallet
287;C:\Drive\Uni\Diplomarbeit\ForRealsies\Own\Programming\prep\png\287.png;126;195;197;258;pallet
288;C:\Drive\Uni\Diplomarbeit\ForRealsies\Own\Programming\prep\png\288.png;126;207;199;258;pallet
289;C:\Drive\Uni\Diplomarbeit\ForRealsies\Own\Programming\prep\png\289.png;126;195;198;259;pallet
290;C:\Drive\Uni\Diplomarbeit\ForRealsies\Own\Programming\prep\png\290.png;107;207;171;273;pallet
291;C:\Drive\Uni\Diplomarbeit\ForRealsies\Own\Programming\prep\png\291.png;64;191;138;258;pallet
292;C:\Drive\Uni\Diplomarbeit\ForRealsies\Own\Programming\prep\png\292.png;67;194;137;268;pallet
293;C:\Drive\Uni\Diplomarbeit\ForRealsies\Own\Programming\prep\png\293.png;66;195;135;268;pallet
294;C:\Drive\Uni\Diplomarbeit\ForRealsies\Own\Programming\prep\png\294.png;64;221;137;268;pallet
295;C:\Drive\Uni\Diplomarbeit\ForRealsies\Own\Programming\prep\png\295.png;66;195;137;268;pallet
296;C:\Drive\Uni\Diplomarbeit\ForRealsies\Own\Programming\prep\png\296.png;66;195;136;269;pallet
297;C:\Drive\Uni\Diplomarbeit\ForRealsies\Own\Programming\prep\png\297.png;82;165;147;217;pallet
298;C:\Drive\Uni\Diplomarbeit\ForRealsies\Own\Programming\prep\png\298.png;82;180;146;216;pallet
299;C:\Drive\Uni\Diplomarbeit\ForRealsies\Own\Programming\prep\png\299.png;90;174;159;236;pallet
300;C:\Drive\Uni\Diplomarbeit\ForRealsies\Own\Programming\prep\png\300.png;91;281;154;340;pallet
301;C:\Drive\Uni\Diplomarbeit\ForRealsies\Own\Programming\prep\png\301.png;135;198;203;252;pallet
302;C:\Drive\Uni\Diplomarbeit\ForRealsies\Own\Programming\prep\png\302.png;135;198;202;251;pallet
303;C:\Drive\Uni\Diplomarbeit\ForRealsies\Own\Programming\prep\png\303.png;110;208;178;261;pallet
304;C:\Drive\Uni\Diplomarbeit\ForRealsies\Own\Programming\prep\png\304.png;113;208;185;272;pallet
305;C:\Drive\Uni\Diplomarbeit\ForRealsies\Own\Programming\prep\png\305.png;110;231;185;273;pallet
306;C:\Drive\Uni\Diplomarbeit\ForRealsies\Own\Programming\prep\png\306.png;113;207;184;268;pallet
307;C:\Drive\Uni\Diplomarbeit\ForRealsies\Own\Programming\prep\png\307.png;113;208;185;272;pallet
308;C:\Drive\Uni\Diplomarbeit\ForRealsies\Own\Programming\prep\png\308.png;111;232;184;272;pallet
309;C:\Drive\Uni\Diplomarbeit\ForRealsies\Own\Programming\prep\png\309.png;97;227;162;273;pallet
310;C:\Drive\Uni\Diplomarbeit\ForRealsies\Own\Programming\prep\png\310.png;92;215;164;278;pallet
311;C:\Drive\Uni\Diplomarbeit\ForRealsies\Own\Programming\prep\png\311.png;91;174;159;236;pallet
312;C:\Drive\Uni\Diplomarbeit\ForRealsies\Own\Programming\prep\png\312.png;111;210;182;277;pallet
313;C:\Drive\Uni\Diplomarbeit\ForRealsies\Own\Programming\prep\png\313.png;112;224;184;281;pallet
314;C:\Drive\Uni\Diplomarbeit\ForRealsies\Own\Programming\prep\png\314.png;113;223;182;282;pallet
315;C:\Drive\Uni\Diplomarbeit\ForRealsies\Own\Programming\prep\png\315.png;113;223;182;281;pallet
316;C:\Drive\Uni\Diplomarbeit\ForRealsies\Own\Programming\prep\png\316.png;113;223;181;268;pallet
317;C:\Drive\Uni\Diplomarbeit\ForRealsies\Own\Programming\prep\png\317.png;107;234;176;295;pallet
318;C:\Drive\Uni\Diplomarbeit\ForRealsies\Own\Programming\prep\png\318.png;107;234;175;294;pallet
319;C:\Drive\Uni\Diplomarbeit\ForRealsies\Own\Programming\prep\png\319.png;155;229;218;272;pallet
320;C:\Drive\Uni\Diplomarbeit\ForRealsies\Own\Programming\prep\png\320.png;155;229;218;273;pallet
321;C:\Drive\Uni\Diplomarbeit\ForRealsies\Own\Programming\prep\png\321.png;149;227;214;290;pallet
322;C:\Drive\Uni\Diplomarbeit\ForRealsies\Own\Programming\prep\png\322.png;160;218;232;274;pallet
323;C:\Drive\Uni\Diplomarbeit\ForRealsies\Own\Programming\prep\png\323.png;140;236;214;301;pallet
324;C:\Drive\Uni\Diplomarbeit\ForRealsies\Own\Programming\prep\png\324.png;141;236;213;301;pallet
325;C:\Drive\Uni\Diplomarbeit\ForRealsies\Own\Programming\prep\png\325.png;142;236;214;278;pallet
326;C:\Drive\Uni\Diplomarbeit\ForRealsies\Own\Programming\prep\png\326.png;150;252;215;302;pallet
327;C:\Drive\Uni\Diplomarbeit\ForRealsies\Own\Programming\prep\png\327.png;147;257;214;313;pallet
328;C:\Drive\Uni\Diplomarbeit\ForRealsies\Own\Programming\prep\png\328.png;104;259;175;320;pallet
329;C:\Drive\Uni\Diplomarbeit\ForRealsies\Own\Programming\prep\png\329.png;104;258;176;319;pallet
330;C:\Drive\Uni\Diplomarbeit\ForRealsies\Own\Programming\prep\png\330.png;104;257;176;320;pallet
331;C:\Drive\Uni\Diplomarbeit\ForRealsies\Own\Programming\prep\png\331.png;123;264;193;324;pallet
332;C:\Drive\Uni\Diplomarbeit\ForRealsies\Own\Programming\prep\png\332.png;123;264;193;324;pallet
333;C:\Drive\Uni\Diplomarbeit\ForRealsies\Own\Programming\prep\png\333.png;125;270;193;325;pallet
334;C:\Drive\Uni\Diplomarbeit\ForRealsies\Own\Programming\prep\png\334.png;124;271;188;326;pallet
335;C:\Drive\Uni\Diplomarbeit\ForRealsies\Own\Programming\prep\png\335.png;127;282;190;328;pallet
336;C:\Drive\Uni\Diplomarbeit\ForRealsies\Own\Programming\prep\png\336.png;127;281;190;328;pallet
337;C:\Drive\Uni\Diplomarbeit\ForRealsies\Own\Programming\prep\png\337.png;91;281;161;339;pallet
338;C:\Drive\Uni\Diplomarbeit\ForRealsies\Own\Programming\prep\png\338.png;90;281;161;340;pallet
339;C:\Drive\Uni\Diplomarbeit\ForRealsies\Own\Programming\prep\png\339.png;91;281;162;339;pallet
340;C:\Drive\Uni\Diplomarbeit\ForRealsies\Own\Programming\prep\png\340.png;112;224;183;280;pallet
341;C:\Drive\Uni\Diplomarbeit\ForRealsies\Own\Programming\prep\png\341.png;79;245;144;288;pallet
342;C:\Drive\Uni\Diplomarbeit\ForRealsies\Own\Programming\prep\png\342.png;80;265;143;314;pallet
343;C:\Drive\Uni\Diplomarbeit\ForRealsies\Own\Programming\prep\png\343.png;80;252;143;299;pallet
344;C:\Drive\Uni\Diplomarbeit\ForRealsies\Own\Programming\prep\png\344.png;79;258;142;305;pallet
345;C:\Drive\Uni\Diplomarbeit\ForRealsies\Own\Programming\prep\png\345.png;79;262;144;313;pallet
346;C:\Drive\Uni\Diplomarbeit\ForRealsies\Own\Programming\prep\png\346.png;78;213;142;258;pallet
347;C:\Drive\Uni\Diplomarbeit\ForRealsies\Own\Programming\prep\png\347.png;78;208;141;256;pallet
348;C:\Drive\Uni\Diplomarbeit\ForRealsies\Own\Programming\prep\png\348.png;78;203;142;248;pallet
349;C:\Drive\Uni\Diplomarbeit\ForRealsies\Own\Programming\prep\png\349.png;79;195;143;241;pallet
350;C:\Drive\Uni\Diplomarbeit\ForRealsies\Own\Programming\prep\png\350.png;79;185;145;230;pallet
351;C:\Drive\Uni\Diplomarbeit\ForRealsies\Own\Programming\prep\png\351.png;80;176;146;223;pallet
352;C:\Drive\Uni\Diplomarbeit\ForRealsies\Own\Programming\prep\png\352.png;80;173;146;218;pallet
353;C:\Drive\Uni\Diplomarbeit\ForRealsies\Own\Programming\prep\png\353.png;80;166;143;210;pallet
354;C:\Drive\Uni\Diplomarbeit\ForRealsies\Own\Programming\prep\png\354.png;82;156;145;202;pallet
355;C:\Drive\Uni\Diplomarbeit\ForRealsies\Own\Programming\prep\png\355.png;81;152;143;197;pallet
356;C:\Drive\Uni\Diplomarbeit\ForRealsies\Own\Programming\prep\png\356.png;81;146;143;192;pallet
357;C:\Drive\Uni\Diplomarbeit\ForRealsies\Own\Programming\prep\png\357.png;81;147;154;195;pallet
358;C:\Drive\Uni\Diplomarbeit\ForRealsies\Own\Programming\prep\png\358.png;80;147;152;206;pallet
359;C:\Drive\Uni\Diplomarbeit\ForRealsies\Own\Programming\prep\png\359.png;82;158;152;217;pallet
360;C:\Drive\Uni\Diplomarbeit\ForRealsies\Own\Programming\prep\png\360.png;85;173;154;230;pallet
361;C:\Drive\Uni\Diplomarbeit\ForRealsies\Own\Programming\prep\png\361.png;87;188;159;239;pallet
362;C:\Drive\Uni\Diplomarbeit\ForRealsies\Own\Programming\prep\png\362.png;88;203;153;249;pallet
363;C:\Drive\Uni\Diplomarbeit\ForRealsies\Own\Programming\prep\png\363.png;90;213;155;261;pallet
364;C:\Drive\Uni\Diplomarbeit\ForRealsies\Own\Programming\prep\png\364.png;90;220;156;269;pallet
365;C:\Drive\Uni\Diplomarbeit\ForRealsies\Own\Programming\prep\png\365.png;93;238;161;283;pallet
366;C:\Drive\Uni\Diplomarbeit\ForRealsies\Own\Programming\prep\png\366.png;93;243;159;295;pallet
367;C:\Drive\Uni\Diplomarbeit\ForRealsies\Own\Programming\prep\png\367.png;94;254;158;305;pallet
368;C:\Drive\Uni\Diplomarbeit\ForRealsies\Own\Programming\prep\png\368.png;94;240;166;303;pallet
369;C:\Drive\Uni\Diplomarbeit\ForRealsies\Own\Programming\prep\png\369.png;93;222;164;284;pallet
370;C:\Drive\Uni\Diplomarbeit\ForRealsies\Own\Programming\prep\png\370.png;90;221;155;270;pallet
371;C:\Drive\Uni\Diplomarbeit\ForRealsies\Own\Programming\prep\png\371.png;88;195;159;254;pallet
372;C:\Drive\Uni\Diplomarbeit\ForRealsies\Own\Programming\prep\png\372.png;86;185;155;237;pallet
373;C:\Drive\Uni\Diplomarbeit\ForRealsies\Own\Programming\prep\png\373.png;85;158;160;218;pallet
374;C:\Drive\Uni\Diplomarbeit\ForRealsies\Own\Programming\prep\png\374.png;81;139;153;200;pallet
375;C:\Drive\Uni\Diplomarbeit\ForRealsies\Own\Programming\prep\png\375.png;92;136;160;206;pallet
376;C:\Drive\Uni\Diplomarbeit\ForRealsies\Own\Programming\prep\png\376.png;84;255;158;319;pallet
377;C:\Drive\Uni\Diplomarbeit\ForRealsies\Own\Programming\prep\png\377.png;95;232;169;294;pallet
378;C:\Drive\Uni\Diplomarbeit\ForRealsies\Own\Programming\prep\png\378.png;100;218;173;281;pallet
379;C:\Drive\Uni\Diplomarbeit\ForRealsies\Own\Programming\prep\png\379.png;105;198;175;256;pallet
380;C:\Drive\Uni\Diplomarbeit\ForRealsies\Own\Programming\prep\png\380.png;106;179;176;231;pallet
381;C:\Drive\Uni\Diplomarbeit\ForRealsies\Own\Programming\prep\png\381.png;103;164;175;225;pallet
382;C:\Drive\Uni\Diplomarbeit\ForRealsies\Own\Programming\prep\png\382.png;105;148;175;206;pallet
383;C:\Drive\Uni\Diplomarbeit\ForRealsies\Own\Programming\prep\png\383.png;108;143;175;197;pallet
384;C:\Drive\Uni\Diplomarbeit\ForRealsies\Own\Programming\prep\png\384.png;131;148;197;198;pallet
385;C:\Drive\Uni\Diplomarbeit\ForRealsies\Own\Programming\prep\png\385.png;133;131;200;180;pallet
386;C:\Drive\Uni\Diplomarbeit\ForRealsies\Own\Programming\prep\png\386.png;127;165;193;217;pallet
387;C:\Drive\Uni\Diplomarbeit\ForRealsies\Own\Programming\prep\png\387.png;128;182;193;229;pallet
388;C:\Drive\Uni\Diplomarbeit\ForRealsies\Own\Programming\prep\png\388.png;128;199;196;250;pallet
389;C:\Drive\Uni\Diplomarbeit\ForRealsies\Own\Programming\prep\png\389.png;129;213;197;261;pallet
390;C:\Drive\Uni\Diplomarbeit\ForRealsies\Own\Programming\prep\png\390.png;128;227;196;275;pallet
391;C:\Drive\Uni\Diplomarbeit\ForRealsies\Own\Programming\prep\png\391.png;128;243;193;293;pallet
392;C:\Drive\Uni\Diplomarbeit\ForRealsies\Own\Programming\prep\png\392.png;128;256;194;304;pallet
393;C:\Drive\Uni\Diplomarbeit\ForRealsies\Own\Programming\prep\png\393.png;126;266;191;313;pallet
394;C:\Drive\Uni\Diplomarbeit\ForRealsies\Own\Programming\prep\png\394.png;124;245;192;304;pallet
395;C:\Drive\Uni\Diplomarbeit\ForRealsies\Own\Programming\prep\png\395.png;119;221;192;281;pallet
396;C:\Drive\Uni\Diplomarbeit\ForRealsies\Own\Programming\prep\png\396.png;117;212;188;264;pallet
397;C:\Drive\Uni\Diplomarbeit\ForRealsies\Own\Programming\prep\png\397.png;114;184;187;245;pallet
398;C:\Drive\Uni\Diplomarbeit\ForRealsies\Own\Programming\prep\png\398.png;110;165;181;227;pallet
399;C:\Drive\Uni\Diplomarbeit\ForRealsies\Own\Programming\prep\png\399.png;111;154;183;210;pallet
400;C:\Drive\Uni\Diplomarbeit\ForRealsies\Own\Programming\prep\png\400.png;108;130;182;196;pallet
401;C:\Drive\Uni\Diplomarbeit\ForRealsies\Own\Programming\prep\png\401.png;127;152;192;216;pallet
402;C:\Drive\Uni\Diplomarbeit\ForRealsies\Own\Programming\prep\png\402.png;141;170;212;236;pallet
403;C:\Drive\Uni\Diplomarbeit\ForRealsies\Own\Programming\prep\png\403.png;128;192;203;256;pallet
404;C:\Drive\Uni\Diplomarbeit\ForRealsies\Own\Programming\prep\png\404.png;126;204;196;270;pallet
405;C:\Drive\Uni\Diplomarbeit\ForRealsies\Own\Programming\prep\png\405.png;122;215;193;275;pallet
406;C:\Drive\Uni\Diplomarbeit\ForRealsies\Own\Programming\prep\png\406.png;122;226;193;294;pallet
407;C:\Drive\Uni\Diplomarbeit\ForRealsies\Own\Programming\prep\png\407.png;115;242;187;301;pallet
408;C:\Drive\Uni\Diplomarbeit\ForRealsies\Own\Programming\prep\png\408.png;113;248;185;309;pallet
409;C:\Drive\Uni\Diplomarbeit\ForRealsies\Own\Programming\prep\png\409.png;112;260;181;316;pallet
410;C:\Drive\Uni\Diplomarbeit\ForRealsies\Own\Programming\prep\png\410.png;105;271;178;338;pallet
411;C:\Drive\Uni\Diplomarbeit\ForRealsies\Own\Programming\prep\png\411.png;161;275;226;321;pallet
412;C:\Drive\Uni\Diplomarbeit\ForRealsies\Own\Programming\prep\png\412.png;165;261;229;308;pallet
413;C:\Drive\Uni\Diplomarbeit\ForRealsies\Own\Programming\prep\png\413.png;163;242;233;287;pallet
414;C:\Drive\Uni\Diplomarbeit\ForRealsies\Own\Programming\prep\png\414.png;164;225;231;271;pallet
415;C:\Drive\Uni\Diplomarbeit\ForRealsies\Own\Programming\prep\png\415.png;163;216;228;263;pallet
416;C:\Drive\Uni\Diplomarbeit\ForRealsies\Own\Programming\prep\png\416.png;165;208;231;257;pallet
417;C:\Drive\Uni\Diplomarbeit\ForRealsies\Own\Programming\prep\png\417.png;166;195;232;244;pallet
418;C:\Drive\Uni\Diplomarbeit\ForRealsies\Own\Programming\prep\png\418.png;167;187;229;233;pallet
419;C:\Drive\Uni\Diplomarbeit\ForRealsies\Own\Programming\prep\png\419.png;167;174;233;219;pallet
420;C:\Drive\Uni\Diplomarbeit\ForRealsies\Own\Programming\prep\png\420.png;167;162;232;208;pallet
421;C:\Drive\Uni\Diplomarbeit\ForRealsies\Own\Programming\prep\png\421.png;166;146;235;192;pallet
422;C:\Drive\Uni\Diplomarbeit\ForRealsies\Own\Programming\prep\png\422.png;159;125;224;189;pallet
423;C:\Drive\Uni\Diplomarbeit\ForRealsies\Own\Programming\prep\png\423.png;161;140;232;202;pallet
424;C:\Drive\Uni\Diplomarbeit\ForRealsies\Own\Programming\prep\png\424.png;164;151;236;212;pallet
425;C:\Drive\Uni\Diplomarbeit\ForRealsies\Own\Programming\prep\png\425.png;168;163;240;227;pallet
426;C:\Drive\Uni\Diplomarbeit\ForRealsies\Own\Programming\prep\png\426.png;172;181;243;244;pallet
427;C:\Drive\Uni\Diplomarbeit\ForRealsies\Own\Programming\prep\png\427.png;172;195;236;256;pallet
428;C:\Drive\Uni\Diplomarbeit\ForRealsies\Own\Programming\prep\png\428.png;176;208;240;269;pallet
429;C:\Drive\Uni\Diplomarbeit\ForRealsies\Own\Programming\prep\png\429.png;174;221;239;284;pallet
430;C:\Drive\Uni\Diplomarbeit\ForRealsies\Own\Programming\prep\png\430.png;176;238;237;299;pallet
431;C:\Drive\Uni\Diplomarbeit\ForRealsies\Own\Programming\prep\png\431.png;161;266;230;318;pallet
432;C:\Drive\Uni\Diplomarbeit\ForRealsies\Own\Programming\prep\png\432.png;163;248;234;307;pallet
433;C:\Drive\Uni\Diplomarbeit\ForRealsies\Own\Programming\prep\png\433.png;164;232;234;288;pallet
434;C:\Drive\Uni\Diplomarbeit\ForRealsies\Own\Programming\prep\png\434.png;166;217;233;273;pallet
435;C:\Drive\Uni\Diplomarbeit\ForRealsies\Own\Programming\prep\png\435.png;166;204;239;262;pallet
436;C:\Drive\Uni\Diplomarbeit\ForRealsies\Own\Programming\prep\png\436.png;170;191;236;250;pallet
437;C:\Drive\Uni\Diplomarbeit\ForRealsies\Own\Programming\prep\png\437.png;170;183;240;241;pallet
438;C:\Drive\Uni\Diplomarbeit\ForRealsies\Own\Programming\prep\png\438.png;172;169;239;223;pallet
439;C:\Drive\Uni\Diplomarbeit\ForRealsies\Own\Programming\prep\png\439.png;175;145;246;201;pallet
440;C:\Drive\Uni\Diplomarbeit\ForRealsies\Own\Programming\prep\png\440.png;175;130;246;190;pallet
441;C:\Drive\Uni\Diplomarbeit\ForRealsies\Own\Programming\prep\png\441.png;67;244;132;292;pallet
442;C:\Drive\Uni\Diplomarbeit\ForRealsies\Own\Programming\prep\png\442.png;63;248;136;298;pallet
443;C:\Drive\Uni\Diplomarbeit\ForRealsies\Own\Programming\prep\png\443.png;70;238;136;296;pallet
444;C:\Drive\Uni\Diplomarbeit\ForRealsies\Own\Programming\prep\png\444.png;73;215;140;269;pallet
445;C:\Drive\Uni\Diplomarbeit\ForRealsies\Own\Programming\prep\png\445.png;71;200;141;250;pallet
446;C:\Drive\Uni\Diplomarbeit\ForRealsies\Own\Programming\prep\png\446.png;83;193;156;255;pallet
447;C:\Drive\Uni\Diplomarbeit\ForRealsies\Own\Programming\prep\png\447.png;67;174;133;235;pallet
448;C:\Drive\Uni\Diplomarbeit\ForRealsies\Own\Programming\prep\png\448.png;79;172;142;217;pallet
449;C:\Drive\Uni\Diplomarbeit\ForRealsies\Own\Programming\prep\png\449.png;67;157;117;222;pallet
450;C:\Drive\Uni\Diplomarbeit\ForRealsies\Own\Programming\prep\png\450.png;80;162;143;234;pallet
451;C:\Drive\Uni\Diplomarbeit\ForRealsies\Own\Programming\prep\png\451.png;95;213;160;262;pallet
452;C:\Drive\Uni\Diplomarbeit\ForRealsies\Own\Programming\prep\png\452.png;93;215;165;277;pallet
453;C:\Drive\Uni\Diplomarbeit\ForRealsies\Own\Programming\prep\png\453.png;105;246;174;298;pallet
454;C:\Drive\Uni\Diplomarbeit\ForRealsies\Own\Programming\prep\png\454.png;102;252;173;322;pallet
455;C:\Drive\Uni\Diplomarbeit\ForRealsies\Own\Programming\prep\png\455.png;100;185;174;254;pallet
456;C:\Drive\Uni\Diplomarbeit\ForRealsies\Own\Programming\prep\png\456.png;121;190;192;242;pallet
457;C:\Drive\Uni\Diplomarbeit\ForRealsies\Own\Programming\prep\png\457.png;140;181;212;232;pallet
458;C:\Drive\Uni\Diplomarbeit\ForRealsies\Own\Programming\prep\png\458.png;153;184;223;247;pallet
459;C:\Drive\Uni\Diplomarbeit\ForRealsies\Own\Programming\prep\png\459.png;155;206;225;266;pallet
460;C:\Drive\Uni\Diplomarbeit\ForRealsies\Own\Programming\prep\png\460.png;162;223;233;280;pallet
461;C:\Drive\Uni\Diplomarbeit\ForRealsies\Own\Programming\prep\png\461.png;139;226;207;290;pallet
462;C:\Drive\Uni\Diplomarbeit\ForRealsies\Own\Programming\prep\png\462.png;126;237;194;294;pallet
463;C:\Drive\Uni\Diplomarbeit\ForRealsies\Own\Programming\prep\png\463.png;121;240;189;285;pallet
464;C:\Drive\Uni\Diplomarbeit\ForRealsies\Own\Programming\prep\png\464.png;140;191;213;256;pallet
465;C:\Drive\Uni\Diplomarbeit\ForRealsies\Own\Programming\prep\png\465.png;139;190;211;256;pallet
466;C:\Drive\Uni\Diplomarbeit\ForRealsies\Own\Programming\prep\png\466.png;136;177;208;244;pallet
467;C:\Drive\Uni\Diplomarbeit\ForRealsies\Own\Programming\prep\png\467.png;153;184;222;235;pallet
468;C:\Drive\Uni\Diplomarbeit\ForRealsies\Own\Programming\prep\png\468.png;162;185;233;249;pallet
469;C:\Drive\Uni\Diplomarbeit\ForRealsies\Own\Programming\prep\png\469.png;155;233;224;281;pallet
470;C:\Drive\Uni\Diplomarbeit\ForRealsies\Own\Programming\prep\png\470.png;119;183;194;235;pallet
471;C:\Drive\Uni\Diplomarbeit\ForRealsies\Own\Programming\prep\png\471.png;91;158;159;218;pallet
472;C:\Drive\Uni\Diplomarbeit\ForRealsies\Own\Programming\prep\png\472.png;92;158;160;218;pallet
473;C:\Drive\Uni\Diplomarbeit\ForRealsies\Own\Programming\prep\png\473.png;98;155;164;200;pallet
474;C:\Drive\Uni\Diplomarbeit\ForRealsies\Own\Programming\prep\png\474.png;114;88;180;159;pallet
475;C:\Drive\Uni\Diplomarbeit\ForRealsies\Own\Programming\prep\png\475.png;113;88;180;159;pallet
476;C:\Drive\Uni\Diplomarbeit\ForRealsies\Own\Programming\prep\png\476.png;99;83;173;153;pallet
477;C:\Drive\Uni\Diplomarbeit\ForRealsies\Own\Programming\prep\png\477.png;89;77;158;138;pallet
478;C:\Drive\Uni\Diplomarbeit\ForRealsies\Own\Programming\prep\png\478.png;99;85;159;153;pallet
479;C:\Drive\Uni\Diplomarbeit\ForRealsies\Own\Programming\prep\png\479.png;67;95;135;171;pallet
480;C:\Drive\Uni\Diplomarbeit\ForRealsies\Own\Programming\prep\png\480.png;67;108;126;171;pallet
481;C:\Drive\Uni\Diplomarbeit\ForRealsies\Own\Programming\prep\png\481.png;67;95;124;172;pallet
482;C:\Drive\Uni\Diplomarbeit\ForRealsies\Own\Programming\prep\png\482.png;68;95;136;172;pallet
483;C:\Drive\Uni\Diplomarbeit\ForRealsies\Own\Programming\prep\png\483.png;79;111;140;176;pallet
484;C:\Drive\Uni\Diplomarbeit\ForRealsies\Own\Programming\prep\png\484.png;78;110;139;175;pallet
485;C:\Drive\Uni\Diplomarbeit\ForRealsies\Own\Programming\prep\png\485.png;42;143;108;214;pallet
486;C:\Drive\Uni\Diplomarbeit\ForRealsies\Own\Programming\prep\png\486.png;62;142;109;207;pallet
487;C:\Drive\Uni\Diplomarbeit\ForRealsies\Own\Programming\prep\png\487.png;60;140;122;209;pallet
488;C:\Drive\Uni\Diplomarbeit\ForRealsies\Own\Programming\prep\png\488.png;61;139;122;208;pallet
489;C:\Drive\Uni\Diplomarbeit\ForRealsies\Own\Programming\prep\png\489.png;61;140;122;208;pallet
490;C:\Drive\Uni\Diplomarbeit\ForRealsies\Own\Programming\prep\png\490.png;53;134;124;204;pallet
491;C:\Drive\Uni\Diplomarbeit\ForRealsies\Own\Programming\prep\png\491.png;94;251;165;322;pallet
492;C:\Drive\Uni\Diplomarbeit\ForRealsies\Own\Programming\prep\png\492.png;92;251;165;319;pallet
493;C:\Drive\Uni\Diplomarbeit\ForRealsies\Own\Programming\prep\png\493.png;111;227;182;273;pallet
494;C:\Drive\Uni\Diplomarbeit\ForRealsies\Own\Programming\prep\png\494.png;112;223;188;273;pallet
495;C:\Drive\Uni\Diplomarbeit\ForRealsies\Own\Programming\prep\png\495.png;111;225;188;272;pallet
496;C:\Drive\Uni\Diplomarbeit\ForRealsies\Own\Programming\prep\png\496.png;111;227;189;274;pallet
497;C:\Drive\Uni\Diplomarbeit\ForRealsies\Own\Programming\prep\png\497.png;112;229;190;274;pallet
498;C:\Drive\Uni\Diplomarbeit\ForRealsies\Own\Programming\prep\png\498.png;112;230;189;275;pallet
499;C:\Drive\Uni\Diplomarbeit\ForRealsies\Own\Programming\prep\png\499.png;112;231;182;274;pallet
500;C:\Drive\Uni\Diplomarbeit\ForRealsies\Own\Programming\prep\png\500.png;111;228;183;274;pallet
501;C:\Drive\Uni\Diplomarbeit\ForRealsies\Own\Programming\prep\png\501.png;112;229;181;274;pallet
502;C:\Drive\Uni\Diplomarbeit\ForRealsies\Own\Programming\prep\png\502.png;112;229;182;273;pallet
503;C:\Drive\Uni\Diplomarbeit\ForRealsies\Own\Programming\prep\png\503.png;113;222;184;265;pallet
504;C:\Drive\Uni\Diplomarbeit\ForRealsies\Own\Programming\prep\png\504.png;112;222;178;265;pallet
505;C:\Drive\Uni\Diplomarbeit\ForRealsies\Own\Programming\prep\png\505.png;113;221;177;266;pallet
506;C:\Drive\Uni\Diplomarbeit\ForRealsies\Own\Programming\prep\png\506.png;105;228;178;290;pallet
507;C:\Drive\Uni\Diplomarbeit\ForRealsies\Own\Programming\prep\png\507.png;106;249;178;290;pallet
508;C:\Drive\Uni\Diplomarbeit\ForRealsies\Own\Programming\prep\png\508.png;106;229;178;289;pallet
509;C:\Drive\Uni\Diplomarbeit\ForRealsies\Own\Programming\prep\png\509.png;105;228;177;291;pallet
510;C:\Drive\Uni\Diplomarbeit\ForRealsies\Own\Programming\prep\png\510.png;107;230;171;277;pallet
511;C:\Drive\Uni\Diplomarbeit\ForRealsies\Own\Programming\prep\png\511.png;72;236;141;292;pallet
512;C:\Drive\Uni\Diplomarbeit\ForRealsies\Own\Programming\prep\png\512.png;71;227;143;276;pallet
513;C:\Drive\Uni\Diplomarbeit\ForRealsies\Own\Programming\prep\png\513.png;71;228;143;276;pallet
514;C:\Drive\Uni\Diplomarbeit\ForRealsies\Own\Programming\prep\png\514.png;73;247;139;292;pallet
515;C:\Drive\Uni\Diplomarbeit\ForRealsies\Own\Programming\prep\png\515.png;74;248;140;295;pallet
516;C:\Drive\Uni\Diplomarbeit\ForRealsies\Own\Programming\prep\png\516.png;77;240;146;295;pallet
517;C:\Drive\Uni\Diplomarbeit\ForRealsies\Own\Programming\prep\png\517.png;76;240;145;295;pallet
518;C:\Drive\Uni\Diplomarbeit\ForRealsies\Own\Programming\prep\png\518.png;56;289;116;359;pallet
519;C:\Drive\Uni\Diplomarbeit\ForRealsies\Own\Programming\prep\png\519.png;89;251;161;313;pallet
520;C:\Drive\Uni\Diplomarbeit\ForRealsies\Own\Programming\prep\png\520.png;88;250;161;313;pallet
521;C:\Drive\Uni\Diplomarbeit\ForRealsies\Own\Programming\prep\png\521.png;89;250;161;313;pallet
522;C:\Drive\Uni\Diplomarbeit\ForRealsies\Own\Programming\prep\png\522.png;89;250;161;313;pallet
523;C:\Drive\Uni\Diplomarbeit\ForRealsies\Own\Programming\prep\png\523.png;89;250;161;312;pallet
524;C:\Drive\Uni\Diplomarbeit\ForRealsies\Own\Programming\prep\png\524.png;86;268;149;314;pallet
525;C:\Drive\Uni\Diplomarbeit\ForRealsies\Own\Programming\prep\png\525.png;85;269;151;314;pallet
526;C:\Drive\Uni\Diplomarbeit\ForRealsies\Own\Programming\prep\png\526.png;86;268;148;315;pallet
527;C:\Drive\Uni\Diplomarbeit\ForRealsies\Own\Programming\prep\png\527.png;85;270;148;314;pallet
528;C:\Drive\Uni\Diplomarbeit\ForRealsies\Own\Programming\prep\png\528.png;86;270;150;314;pallet
529;C:\Drive\Uni\Diplomarbeit\ForRealsies\Own\Programming\prep\png\529.png;95;247;158;300;pallet
530;C:\Drive\Uni\Diplomarbeit\ForRealsies\Own\Programming\prep\png\530.png;74;239;145;300;pallet
531;C:\Drive\Uni\Diplomarbeit\ForRealsies\Own\Programming\prep\png\531.png;75;238;145;302;pallet
532;C:\Drive\Uni\Diplomarbeit\ForRealsies\Own\Programming\prep\png\532.png;89;258;154;312;pallet
533;C:\Drive\Uni\Diplomarbeit\ForRealsies\Own\Programming\prep\png\533.png;89;259;155;310;pallet
534;C:\Drive\Uni\Diplomarbeit\ForRealsies\Own\Programming\prep\png\534.png;90;259;153;311;pallet
535;C:\Drive\Uni\Diplomarbeit\ForRealsies\Own\Programming\prep\png\535.png;137;232;201;277;pallet
536;C:\Drive\Uni\Diplomarbeit\ForRealsies\Own\Programming\prep\png\536.png;136;231;201;277;pallet
537;C:\Drive\Uni\Diplomarbeit\ForRealsies\Own\Programming\prep\png\537.png;136;210;208;275;pallet
538;C:\Drive\Uni\Diplomarbeit\ForRealsies\Own\Programming\prep\png\538.png;135;211;210;257;pallet
539;C:\Drive\Uni\Diplomarbeit\ForRealsies\Own\Programming\prep\png\539.png;135;211;206;262;pallet
540;C:\Drive\Uni\Diplomarbeit\ForRealsies\Own\Programming\prep\png\540.png;133;205;211;251;pallet
541;C:\Drive\Uni\Diplomarbeit\ForRealsies\Own\Programming\prep\png\541.png;135;203;210;256;pallet
542;C:\Drive\Uni\Diplomarbeit\ForRealsies\Own\Programming\prep\png\542.png;139;222;209;265;pallet
543;C:\Drive\Uni\Diplomarbeit\ForRealsies\Own\Programming\prep\png\543.png;112;206;184;259;pallet
544;C:\Drive\Uni\Diplomarbeit\ForRealsies\Own\Programming\prep\png\544.png;112;206;184;260;pallet
545;C:\Drive\Uni\Diplomarbeit\ForRealsies\Own\Programming\prep\png\545.png;121;190;197;238;pallet
546;C:\Drive\Uni\Diplomarbeit\ForRealsies\Own\Programming\prep\png\546.png;119;186;199;238;pallet
547;C:\Drive\Uni\Diplomarbeit\ForRealsies\Own\Programming\prep\png\547.png;121;189;198;238;pallet
548;C:\Drive\Uni\Diplomarbeit\ForRealsies\Own\Programming\prep\png\548.png;121;190;199;239;pallet
549;C:\Drive\Uni\Diplomarbeit\ForRealsies\Own\Programming\prep\png\549.png;121;190;198;240;pallet
550;C:\Drive\Uni\Diplomarbeit\ForRealsies\Own\Programming\prep\png\550.png;121;190;200;238;pallet
551;C:\Drive\Uni\Diplomarbeit\ForRealsies\Own\Programming\prep\png\551.png;79;214;144;258;pallet
552;C:\Drive\Uni\Diplomarbeit\ForRealsies\Own\Programming\prep\png\552.png;81;240;150;283;pallet
553;C:\Drive\Uni\Diplomarbeit\ForRealsies\Own\Programming\prep\png\553.png;86;260;150;311;pallet
554;C:\Drive\Uni\Diplomarbeit\ForRealsies\Own\Programming\prep\png\554.png;89;255;161;319;pallet
555;C:\Drive\Uni\Diplomarbeit\ForRealsies\Own\Programming\prep\png\555.png;90;293;157;340;pallet
556;C:\Drive\Uni\Diplomarbeit\ForRealsies\Own\Programming\prep\png\556.png;89;301;162;351;pallet
557;C:\Drive\Uni\Diplomarbeit\ForRealsies\Own\Programming\prep\png\557.png;116;295;187;346;pallet
558;C:\Drive\Uni\Diplomarbeit\ForRealsies\Own\Programming\prep\png\558.png;140;214;208;264;pallet
559;C:\Drive\Uni\Diplomarbeit\ForRealsies\Own\Programming\prep\png\559.png;141;227;210;283;pallet
560;C:\Drive\Uni\Diplomarbeit\ForRealsies\Own\Programming\prep\png\560.png;114;246;183;302;pallet
561;C:\Drive\Uni\Diplomarbeit\ForRealsies\Own\Programming\prep\png\561.png;93;230;157;274;pallet
562;C:\Drive\Uni\Diplomarbeit\ForRealsies\Own\Programming\prep\png\562.png;73;196;145;253;pallet
563;C:\Drive\Uni\Diplomarbeit\ForRealsies\Own\Programming\prep\png\563.png;63;170;134;240;pallet
564;C:\Drive\Uni\Diplomarbeit\ForRealsies\Own\Programming\prep\png\564.png;120;237;186;281;pallet
565;C:\Drive\Uni\Diplomarbeit\ForRealsies\Own\Programming\prep\png\565.png;115;208;183;260;pallet
566;C:\Drive\Uni\Diplomarbeit\ForRealsies\Own\Programming\prep\png\566.png;94;203;159;255;pallet
567;C:\Drive\Uni\Diplomarbeit\ForRealsies\Own\Programming\prep\png\567.png;80;197;153;258;pallet
568;C:\Drive\Uni\Diplomarbeit\ForRealsies\Own\Programming\prep\png\568.png;62;182;118;243;pallet
569;C:\Drive\Uni\Diplomarbeit\ForRealsies\Own\Programming\prep\png\569.png;73;227;145;272;pallet
570;C:\Drive\Uni\Diplomarbeit\ForRealsies\Own\Programming\prep\png\570.png;74;239;143;296;pallet
571;C:\Drive\Uni\Diplomarbeit\ForRealsies\Own\Programming\prep\png\571.png;76;211;144;265;pallet
572;C:\Drive\Uni\Diplomarbeit\ForRealsies\Own\Programming\prep\png\572.png;86;227;158;273;pallet
573;C:\Drive\Uni\Diplomarbeit\ForRealsies\Own\Programming\prep\png\573.png;86;237;154;290;pallet
574;C:\Drive\Uni\Diplomarbeit\ForRealsies\Own\Programming\prep\png\574.png;135;204;200;252;pallet
575;C:\Drive\Uni\Diplomarbeit\ForRealsies\Own\Programming\prep\png\575.png;135;205;201;251;pallet
576;C:\Drive\Uni\Diplomarbeit\ForRealsies\Own\Programming\prep\png\576.png;104;231;173;278;pallet
577;C:\Drive\Uni\Diplomarbeit\ForRealsies\Own\Programming\prep\png\577.png;128;225;196;271;pallet
578;C:\Drive\Uni\Diplomarbeit\ForRealsies\Own\Programming\prep\png\578.png;130;219;200;278;pallet
579;C:\Drive\Uni\Diplomarbeit\ForRealsies\Own\Programming\prep\png\579.png;105;181;177;235;pallet
580;C:\Drive\Uni\Diplomarbeit\ForRealsies\Own\Programming\prep\png\580.png;132;148;202;217;pallet
581;C:\Drive\Uni\Diplomarbeit\ForRealsies\Own\Programming\prep\png\581.png;93;219;163;281;pallet
582;C:\Drive\Uni\Diplomarbeit\ForRealsies\Own\Programming\prep\png\582.png;93;239;165;284;pallet
583;C:\Drive\Uni\Diplomarbeit\ForRealsies\Own\Programming\prep\png\583.png;92;235;166;285;pallet
584;C:\Drive\Uni\Diplomarbeit\ForRealsies\Own\Programming\prep\png\584.png;93;217;157;262;pallet
585;C:\Drive\Uni\Diplomarbeit\ForRealsies\Own\Programming\prep\png\585.png;94;216;157;263;pallet
586;C:\Drive\Uni\Diplomarbeit\ForRealsies\Own\Programming\prep\png\586.png;75;168;148;238;pallet
587;C:\Drive\Uni\Diplomarbeit\ForRealsies\Own\Programming\prep\png\587.png;86;170;157;233;pallet
588;C:\Drive\Uni\Diplomarbeit\ForRealsies\Own\Programming\prep\png\588.png;74;153;140;224;pallet
589;C:\Drive\Uni\Diplomarbeit\ForRealsies\Own\Programming\prep\png\589.png;74;153;140;223;pallet
590;C:\Drive\Uni\Diplomarbeit\ForRealsies\Own\Programming\prep\png\590.png;74;153;140;224;pallet
591;C:\Drive\Uni\Diplomarbeit\ForRealsies\Own\Programming\prep\png\591.png;67;173;137;244;pallet
592;C:\Drive\Uni\Diplomarbeit\ForRealsies\Own\Programming\prep\png\592.png;65;172;138;244;pallet
593;C:\Drive\Uni\Diplomarbeit\ForRealsies\Own\Programming\prep\png\593.png;65;174;138;244;pallet
594;C:\Drive\Uni\Diplomarbeit\ForRealsies\Own\Programming\prep\png\594.png;84;158;157;226;pallet
595;C:\Drive\Uni\Diplomarbeit\ForRealsies\Own\Programming\prep\png\595.png;84;159;155;226;pallet
596;C:\Drive\Uni\Diplomarbeit\ForRealsies\Own\Programming\prep\png\596.png;72;130;134;193;pallet
597;C:\Drive\Uni\Diplomarbeit\ForRealsies\Own\Programming\prep\png\597.png;73;130;135;193;pallet
598;C:\Drive\Uni\Diplomarbeit\ForRealsies\Own\Programming\prep\png\598.png;104;158;162;219;pallet
599;C:\Drive\Uni\Diplomarbeit\ForRealsies\Own\Programming\prep\png\599.png;105;159;163;219;pallet
600;C:\Drive\Uni\Diplomarbeit\ForRealsies\Own\Programming\prep\png\600.png;106;159;163;220;pallet
601;C:\Drive\Uni\Diplomarbeit\ForRealsies\Own\Programming\prep\png\601.png;105;159;163;220;pallet
602;C:\Drive\Uni\Diplomarbeit\ForRealsies\Own\Programming\prep\png\602.png;105;158;162;219;pallet
603;C:\Drive\Uni\Diplomarbeit\ForRealsies\Own\Programming\prep\png\603.png;105;157;163;220;pallet
604;C:\Drive\Uni\Diplomarbeit\ForRealsies\Own\Programming\prep\png\604.png;105;158;164;219;pallet
605;C:\Drive\Uni\Diplomarbeit\ForRealsies\Own\Programming\prep\png\605.png;106;158;165;219;pallet
606;C:\Drive\Uni\Diplomarbeit\ForRealsies\Own\Programming\prep\png\606.png;105;159;162;220;pallet
607;C:\Drive\Uni\Diplomarbeit\ForRealsies\Own\Programming\prep\png\607.png;58;285;128;357;pallet
608;C:\Drive\Uni\Diplomarbeit\ForRealsies\Own\Programming\prep\png\608.png;60;285;127;356;pallet
609;C:\Drive\Uni\Diplomarbeit\ForRealsies\Own\Programming\prep\png\609.png;59;286;127;356;pallet
610;C:\Drive\Uni\Diplomarbeit\ForRealsies\Own\Programming\prep\png\610.png;59;285;126;357;pallet
611;C:\Drive\Uni\Diplomarbeit\ForRealsies\Own\Programming\prep\png\611.png;58;285;128;356;pallet
612;C:\Drive\Uni\Diplomarbeit\ForRealsies\Own\Programming\prep\png\612.png;58;285;127;356;pallet
613;C:\Drive\Uni\Diplomarbeit\ForRealsies\Own\Programming\prep\png\613.png;43;301;101;373;pallet
614;C:\Drive\Uni\Diplomarbeit\ForRealsies\Own\Programming\prep\png\614.png;42;300;103;373;pallet
615;C:\Drive\Uni\Diplomarbeit\ForRealsies\Own\Programming\prep\png\615.png;42;301;101;373;pallet
616;C:\Drive\Uni\Diplomarbeit\ForRealsies\Own\Programming\prep\png\616.png;47;271;114;343;pallet
617;C:\Drive\Uni\Diplomarbeit\ForRealsies\Own\Programming\prep\png\617.png;44;271;114;344;pallet
618;C:\Drive\Uni\Diplomarbeit\ForRealsies\Own\Programming\prep\png\618.png;44;271;113;343;pallet
619;C:\Drive\Uni\Diplomarbeit\ForRealsies\Own\Programming\prep\png\619.png;48;270;114;343;pallet
620;C:\Drive\Uni\Diplomarbeit\ForRealsies\Own\Programming\prep\png\620.png;68;261;133;323;pallet
621;C:\Drive\Uni\Diplomarbeit\ForRealsies\Own\Programming\prep\png\621.png;90;278;159;330;pallet
622;C:\Drive\Uni\Diplomarbeit\ForRealsies\Own\Programming\prep\png\622.png;90;278;161;331;pallet
623;C:\Drive\Uni\Diplomarbeit\ForRealsies\Own\Programming\prep\png\623.png;111;288;181;358;pallet
624;C:\Drive\Uni\Diplomarbeit\ForRealsies\Own\Programming\prep\png\624.png;122;305;196;373;pallet
625;C:\Drive\Uni\Diplomarbeit\ForRealsies\Own\Programming\prep\png\625.png;132;301;202;368;pallet
626;C:\Drive\Uni\Diplomarbeit\ForRealsies\Own\Programming\prep\png\626.png;123;255;191;308;pallet
627;C:\Drive\Uni\Diplomarbeit\ForRealsies\Own\Programming\prep\png\627.png;126;241;197;304;pallet
628;C:\Drive\Uni\Diplomarbeit\ForRealsies\Own\Programming\prep\png\628.png;126;241;199;292;pallet
629;C:\Drive\Uni\Diplomarbeit\ForRealsies\Own\Programming\prep\png\629.png;126;240;198;304;pallet
630;C:\Drive\Uni\Diplomarbeit\ForRealsies\Own\Programming\prep\png\630.png;107;226;171;292;pallet
631;C:\Drive\Uni\Diplomarbeit\ForRealsies\Own\Programming\prep\png\631.png;64;241;138;308;pallet
632;C:\Drive\Uni\Diplomarbeit\ForRealsies\Own\Programming\prep\png\632.png;67;231;137;305;pallet
633;C:\Drive\Uni\Diplomarbeit\ForRealsies\Own\Programming\prep\png\633.png;66;231;135;304;pallet
634;C:\Drive\Uni\Diplomarbeit\ForRealsies\Own\Programming\prep\png\634.png;64;231;137;278;pallet
635;C:\Drive\Uni\Diplomarbeit\ForRealsies\Own\Programming\prep\png\635.png;66;231;137;304;pallet
636;C:\Drive\Uni\Diplomarbeit\ForRealsies\Own\Programming\prep\png\636.png;66;230;136;304;pallet
637;C:\Drive\Uni\Diplomarbeit\ForRealsies\Own\Programming\prep\png\637.png;82;282;147;334;pallet
638;C:\Drive\Uni\Diplomarbeit\ForRealsies\Own\Programming\prep\png\638.png;82;283;146;319;pallet
639;C:\Drive\Uni\Diplomarbeit\ForRealsies\Own\Programming\prep\png\639.png;90;263;159;325;pallet
640;C:\Drive\Uni\Diplomarbeit\ForRealsies\Own\Programming\prep\png\640.png;91;159;154;218;pallet
641;C:\Drive\Uni\Diplomarbeit\ForRealsies\Own\Programming\prep\png\641.png;135;247;203;301;pallet
642;C:\Drive\Uni\Diplomarbeit\ForRealsies\Own\Programming\prep\png\642.png;135;248;202;301;pallet
643;C:\Drive\Uni\Diplomarbeit\ForRealsies\Own\Programming\prep\png\643.png;110;238;178;291;pallet
644;C:\Drive\Uni\Diplomarbeit\ForRealsies\Own\Programming\prep\png\644.png;113;227;185;291;pallet
645;C:\Drive\Uni\Diplomarbeit\ForRealsies\Own\Programming\prep\png\645.png;110;226;185;268;pallet
646;C:\Drive\Uni\Diplomarbeit\ForRealsies\Own\Programming\prep\png\646.png;113;231;184;292;pallet
647;C:\Drive\Uni\Diplomarbeit\ForRealsies\Own\Programming\prep\png\647.png;113;227;185;291;pallet
648;C:\Drive\Uni\Diplomarbeit\ForRealsies\Own\Programming\prep\png\648.png;111;227;184;267;pallet
649;C:\Drive\Uni\Diplomarbeit\ForRealsies\Own\Programming\prep\png\649.png;97;226;162;272;pallet
650;C:\Drive\Uni\Diplomarbeit\ForRealsies\Own\Programming\prep\png\650.png;92;221;164;284;pallet
651;C:\Drive\Uni\Diplomarbeit\ForRealsies\Own\Programming\prep\png\651.png;91;263;159;325;pallet
652;C:\Drive\Uni\Diplomarbeit\ForRealsies\Own\Programming\prep\png\652.png;111;222;182;289;pallet
653;C:\Drive\Uni\Diplomarbeit\ForRealsies\Own\Programming\prep\png\653.png;112;218;184;275;pallet
654;C:\Drive\Uni\Diplomarbeit\ForRealsies\Own\Programming\prep\png\654.png;113;217;182;276;pallet
655;C:\Drive\Uni\Diplomarbeit\ForRealsies\Own\Programming\prep\png\655.png;113;218;182;276;pallet
656;C:\Drive\Uni\Diplomarbeit\ForRealsies\Own\Programming\prep\png\656.png;113;231;181;276;pallet
657;C:\Drive\Uni\Diplomarbeit\ForRealsies\Own\Programming\prep\png\657.png;107;204;176;265;pallet
658;C:\Drive\Uni\Diplomarbeit\ForRealsies\Own\Programming\prep\png\658.png;107;205;175;265;pallet
659;C:\Drive\Uni\Diplomarbeit\ForRealsies\Own\Programming\prep\png\659.png;155;227;218;270;pallet
660;C:\Drive\Uni\Diplomarbeit\ForRealsies\Own\Programming\prep\png\660.png;155;226;218;270;pallet
661;C:\Drive\Uni\Diplomarbeit\ForRealsies\Own\Programming\prep\png\661.png;149;209;214;272;pallet
662;C:\Drive\Uni\Diplomarbeit\ForRealsies\Own\Programming\prep\png\662.png;160;225;232;281;pallet
663;C:\Drive\Uni\Diplomarbeit\ForRealsies\Own\Programming\prep\png\663.png;140;198;214;263;pallet
664;C:\Drive\Uni\Diplomarbeit\ForRealsies\Own\Programming\prep\png\664.png;141;198;213;263;pallet
665;C:\Drive\Uni\Diplomarbeit\ForRealsies\Own\Programming\prep\png\665.png;142;221;214;263;pallet
666;C:\Drive\Uni\Diplomarbeit\ForRealsies\Own\Programming\prep\png\666.png;150;197;215;247;pallet
667;C:\Drive\Uni\Diplomarbeit\ForRealsies\Own\Programming\prep\png\667.png;147;186;214;242;pallet
668;C:\Drive\Uni\Diplomarbeit\ForRealsies\Own\Programming\prep\png\668.png;104;179;175;240;pallet
669;C:\Drive\Uni\Diplomarbeit\ForRealsies\Own\Programming\prep\png\669.png;104;180;176;241;pallet
670;C:\Drive\Uni\Diplomarbeit\ForRealsies\Own\Programming\prep\png\670.png;104;179;176;242;pallet
671;C:\Drive\Uni\Diplomarbeit\ForRealsies\Own\Programming\prep\png\671.png;123;175;193;235;pallet
672;C:\Drive\Uni\Diplomarbeit\ForRealsies\Own\Programming\prep\png\672.png;123;175;193;235;pallet
673;C:\Drive\Uni\Diplomarbeit\ForRealsies\Own\Programming\prep\png\673.png;125;174;193;229;pallet
674;C:\Drive\Uni\Diplomarbeit\ForRealsies\Own\Programming\prep\png\674.png;124;173;188;228;pallet
675;C:\Drive\Uni\Diplomarbeit\ForRealsies\Own\Programming\prep\png\675.png;127;171;190;217;pallet
676;C:\Drive\Uni\Diplomarbeit\ForRealsies\Own\Programming\prep\png\676.png;127;171;190;218;pallet
677;C:\Drive\Uni\Diplomarbeit\ForRealsies\Own\Programming\prep\png\677.png;91;160;161;218;pallet
678;C:\Drive\Uni\Diplomarbeit\ForRealsies\Own\Programming\prep\png\678.png;90;159;161;218;pallet
679;C:\Drive\Uni\Diplomarbeit\ForRealsies\Own\Programming\prep\png\679.png;91;160;162;218;pallet
680;C:\Drive\Uni\Diplomarbeit\ForRealsies\Own\Programming\prep\png\680.png;112;219;183;275;pallet
